episode,avg_loss,epsilon,win_rate,learn_steps
200,0.002857,0.9484,0.45,3261
400,0.002471,0.8981,0.48,6434
